<?xml version="1.0" encoding="ISO-8859-1" ?>
<!DOCTYPE tiles-definitions PUBLIC
        "-//Apache Software Foundation//DTD Tiles Configuration 3.0//EN"
        "http://tiles.apache.org/dtds/tiles-config_3_0.dtd">
<tiles-definitions>

    <definition name="main-layout" template="/WEB-INF/tiles/resources/page.jsp">
        <put-attribute name="header" value="/WEB-INF/tiles/resources/header.jsp"/>
        <put-attribute name="main" value="/WEB-INF/tiles/resources/main.jsp"/>
        <put-attribute name="footer" value="/WEB-INF/tiles/resources/footer.jsp"/>
    </definition>
    
    <definition name="single-page" template="/WEB-INF/tiles/resources/singlePage.jsp">
        <put-attribute name="main" value="/WEB-INF/tiles/resources/main.jsp"/>
    </definition>

</tiles-definitions>
