<?xml version="1.0" encoding="ISO-8859-1" ?>
<!DOCTYPE tiles-definitions PUBLIC
        "-//Apache Software Foundation//DTD Tiles Configuration 3.0//EN"
        "http://tiles.apache.org/dtds/tiles-config_3_0.dtd">
<tiles-definitions>

    <definition name="TransactionRequest" extends="main-layout">
        <put-attribute name="main" value="/WEB-INF/jsp/transactionRequest.jsp"/>
    </definition>

    <definition name="SoapSettings" extends="main-layout">
        <put-attribute name="main" value="/WEB-INF/jsp/soapSettings.jsp"/>
    </definition>

    <definition name="ParameterSpy" extends="main-layout">
        <put-attribute name="main" value="/WEB-INF/jsp/parameterSpy.jsp"/>
    </definition>

    <definition name="PostSettings" extends="main-layout">
        <put-attribute name="main" value="/WEB-INF/jsp/postSettings.jsp"/>
    </definition>

</tiles-definitions>
